{"data":[{"control_id":"18261","location":"Sagrada Família, Belo Horizonte","name":"L Essence","types_id":1,"categories_id":1,"bedroom":4,"area":20123,"bathroom":4,"garage":2,"price":1849654,"exclusive":1,"featured":1,"latitude":-19.9253886,"longitude":-43.9252086},{"control_id":"18262","location":"Prado, Belo Horizonte","name":"L Essence","types_id":1,"categories_id":1,"bedroom":4,"area":20123,"bathroom":4,"garage":2,"price":1849654,"exclusive":1,"featured":1,"latitude":-19.9453599,"longitude":-43.9569571},{"control_id":"18263","location":"Santo Antônio, Belo Horizonte","name":"L Essence","types_id":1,"categories_id":1,"bedroom":4,"area":20123,"bathroom":4,"garage":2,"price":1849654,"exclusive":1,"featured":1,"latitude":-19.93042,"longitude":-43.9379473},{"control_id":"18264","location":"Santo Antônio, Belo Horizonte","name":"L Essence","types_id":1,"categories_id":1,"bedroom":4,"area":20123,"bathroom":4,"garage":2,"price":1849654,"exclusive":1,"featured":1,"latitude":-19.9411419,"longitude":-43.9386297},{"control_id":"18265","location":"Santo Antônio, Belo Horizonte","name":"L Essence","types_id":1,"categories_id":1,"bedroom":4,"area":20123,"bathroom":4,"garage":2,"price":1849654,"exclusive":1,"featured":1,"latitude":-19.9329953,"longitude":-43.9309914},{"control_id":"18266","location":"Santo Antônio, Belo Horizonte","name":"L Essence","types_id":1,"categories_id":1,"bedroom":4,"area":20123,"bathroom":4,"garage":2,"price":1849654,"exclusive":1,"featured":1,"latitude":-19.9340099,"longitude":-43.9590075}]}